k_Mpc_inv,fNL_iso,fNL_aniso_envelope
1.000000000000000021e-02,0.000000000000000000e+00,0.000000000000000000e+00
1.055291128420295793e-02,0.000000000000000000e+00,0.000000000000000000e+00
1.113639365722581681e-02,0.000000000000000000e+00,0.000000000000000000e+00
1.175213742906645702e-02,0.000000000000000000e+00,0.000000000000000000e+00
1.240192636886994042e-02,0.000000000000000000e+00,0.000000000000000000e+00
1.308764287239017922e-02,0.000000000000000000e+00,0.000000000000000000e+00
1.381127341516647303e-02,0.000000000000000000e+00,0.000000000000000000e+00
1.457491430721226736e-02,0.000000000000000000e+00,0.000000000000000000e+00
1.538077776588714536e-02,0.000000000000000000e+00,0.000000000000000000e+00
1.623119832454484809e-02,0.000000000000000000e+00,0.000000000000000000e+00
1.712863959552254900e-02,0.000000000000000000e+00,0.000000000000000000e+00
1.807570140706355605e-02,0.000000000000000000e+00,0.000000000000000000e+00
1.907512733484842751e-02,0.000000000000000000e+00,0.000000000000000000e+00
2.012981264995303624e-02,0.000000000000000000e+00,0.000000000000000000e+00
2.124281270625808307e-02,0.000000000000000000e+00,0.000000000000000000e+00
2.241735179160809013e-02,0.000000000000000000e+00,0.000000000000000000e+00
2.365683246836084927e-02,0.000000000000000000e+00,0.000000000000000000e+00
2.496484543038641341e-02,0.000000000000000000e+00,0.000000000000000000e+00
2.634517990507075427e-02,0.000000000000000000e+00,0.000000000000000000e+00
2.780183463045781539e-02,0.000000000000000000e+00,0.000000000000000000e+00
2.933902943933028307e-02,0.000000000000000000e+00,0.000000000000000000e+00
3.096121748378714844e-02,0.000000000000000000e+00,0.000000000000000000e+00
3.267309813573194416e-02,0.000000000000000000e+00,0.000000000000000000e+00
3.447963060064362234e-02,0.000000000000000000e+00,0.000000000000000000e+00
3.638604828406816899e-02,0.000000000000000000e+00,0.000000000000000000e+00
3.839787395244966678e-02,0.000000000000000000e+00,0.000000000000000000e+00
4.052093573222090989e-02,0.000000000000000000e+00,0.000000000000000000e+00
4.276138399350170455e-02,0.000000000000000000e+00,0.000000000000000000e+00
4.512570916731598741e-02,0.000000000000000000e+00,0.000000000000000000e+00
4.762076054794297381e-02,0.000000000000000000e+00,0.000000000000000000e+00
5.025376613487143873e-02,0.000000000000000000e+00,0.000000000000000000e+00
5.303235357183815057e-02,0.000000000000000000e+00,0.000000000000000000e+00
5.596457224360921329e-02,0.000000000000000000e+00,0.000000000000000000e+00
5.905891659451752845e-02,0.000000000000000000e+00,0.000000000000000000e+00
6.232435073630853556e-02,0.000000000000000000e+00,0.000000000000000000e+00
6.577033441658135249e-02,0.000000000000000000e+00,0.000000000000000000e+00
6.940685042305434760e-02,0.000000000000000000e+00,0.000000000000000000e+00
7.324443350304374323e-02,0.000000000000000000e+00,0.000000000000000000e+00
7.729420088193234006e-02,0.000000000000000000e+00,0.000000000000000000e+00
8.156788446903939782e-02,0.000000000000000000e+00,0.000000000000000000e+00
8.607786484418894490e-02,0.000000000000000000e+00,0.000000000000000000e+00
9.083720712343390513e-02,0.000000000000000000e+00,0.000000000000000000e+00
9.585969880783669350e-02,0.000000000000000000e+00,0.000000000000000000e+00
1.011598897249516571e-01,0.000000000000000000e+00,0.000000000000000000e+00
1.067531341787169713e-01,0.000000000000000000e+00,0.000000000000000000e+00
1.126556354298614837e-01,0.000000000000000000e+00,0.000000000000000000e+00
1.188844926356839721e-01,0.000000000000000000e+00,0.000000000000000000e+00
1.254577503851853348e-01,0.000000000000000000e+00,0.000000000000000000e+00
1.323944509730540231e-01,0.000000000000000000e+00,0.000000000000000000e+00
1.397146895639397868e-01,0.000000000000000000e+00,0.000000000000000000e+00
1.474396724068213205e-01,0.000000000000000000e+00,0.000000000000000000e+00
1.555917782681132955e-01,0.000000000000000000e+00,0.000000000000000000e+00
1.641946232614777124e-01,0.000000000000000000e+00,0.000000000000000000e+00
1.732731292621501606e-01,0.000000000000000000e+00,0.000000000000000000e+00
1.828535961039703117e-01,0.000000000000000000e+00,0.000000000000000000e+00
1.929637777682678135e-01,0.000000000000000000e+00,0.000000000000000000e+00
2.036329627853186164e-01,0.000000000000000000e+00,0.000000000000000000e+00
2.148920590812869735e-01,0.000000000000000000e+00,0.000000000000000000e+00
2.267736835164521902e-01,0.000000000000000000e+00,0.000000000000000000e+00
2.393122563741039710e-01,0.000000000000000000e+00,0.000000000000000000e+00
2.525441010738352920e-01,0.000000000000000000e+00,0.000000000000000000e+00
2.665075493980970101e-01,0.000000000000000000e+00,0.000000000000000000e+00
2.812430525368455059e-01,0.000000000000000000e+00,0.000000000000000000e+00
2.967932982719763690e-01,0.000000000000000000e+00,0.000000000000000000e+00
3.132033346410153518e-01,0.000000000000000000e+00,0.000000000000000000e+00
3.305207004383165503e-01,0.000000000000000000e+00,0.000000000000000000e+00
3.487955629318177930e-01,0.000000000000000000e+00,0.000000000000000000e+00
3.680808631943102704e-01,0.000000000000000000e+00,0.000000000000000000e+00
3.884324694702404046e-01,0.000000000000000000e+00,0.000000000000000000e+00
4.099093390223320643e-01,0.000000000000000000e+00,0.000000000000000000e+00
4.325736889268945728e-01,0.000000000000000000e+00,0.000000000000000000e+00
4.564911763125925614e-01,0.000000000000000000e+00,0.000000000000000000e+00
4.817310885648239949e-01,0.000000000000000000e+00,0.000000000000000000e+00
5.083665440467107777e-01,0.000000000000000000e+00,0.000000000000000000e+00
5.364747039181794186e-01,0.000000000000000000e+00,0.000000000000000000e+00
5.661369956667599013e-01,0.000000000000000000e+00,0.000000000000000000e+00
5.974393489976511651e-01,0.000000000000000000e+00,0.000000000000000000e+00
6.304724447664181719e-01,0.000000000000000000e+00,0.000000000000000000e+00
6.653319776754562653e-01,0.000000000000000000e+00,0.000000000000000000e+00
7.021189334952392391e-01,0.000000000000000000e+00,0.000000000000000000e+00
7.409398816134460386e-01,0.000000000000000000e+00,0.000000000000000000e+00
7.819072837594537306e-01,0.000000000000000000e+00,0.000000000000000000e+00
8.251398197985627680e-01,0.000000000000000000e+00,0.000000000000000000e+00
8.707627315397448164e-01,0.000000000000000000e+00,0.000000000000000000e+00
9.189081855529163123e-01,0.000000000000000000e+00,0.000000000000000000e+00
9.697156560467840025e-01,0.000000000000000000e+00,0.000000000000000000e+00
1.023332328916438216e+00,0.000000000000000000e+00,0.000000000000000000e+00
1.079913528131197120e+00,0.000000000000000000e+00,0.000000000000000000e+00
1.139623165697914997e+00,0.000000000000000000e+00,0.000000000000000000e+00
1.202634216503262410e+00,0.000000000000000000e+00,0.000000000000000000e+00
1.269129219410586096e+00,0.000000000000000000e+00,0.000000000000000000e+00
1.339300806062966531e+00,0.000000000000000000e+00,0.000000000000000000e+00
1.413352258924399418e+00,0.000000000000000000e+00,0.000000000000000000e+00
1.491498100175705055e+00,0.000000000000000000e+00,0.000000000000000000e+00
1.573964713171147167e+00,0.000000000000000000e+00,0.000000000000000000e+00
1.660990998256106854e+00,0.000000000000000000e+00,0.000000000000000000e+00
1.752829064845640605e+00,0.000000000000000000e+00,0.000000000000000000e+00
1.849744961768847729e+00,0.000000000000000000e+00,0.000000000000000000e+00
1.952019447994806089e+00,0.000000000000000000e+00,0.000000000000000000e+00
2.059948805972801722e+00,0.000000000000000000e+00,0.000000000000000000e+00
2.173845699943078635e+00,0.000000000000000000e+00,0.000000000000000000e+00
2.294040081704539435e+00,0.000000000000000000e+00,0.000000000000000000e+00
2.420880146463372906e+00,0.000000000000000000e+00,0.000000000000000000e+00
2.554733341531624013e+00,0.000000000000000000e+00,0.000000000000000000e+00
2.695987430797860185e+00,0.000000000000000000e+00,0.000000000000000000e+00
2.845051618053607623e+00,0.000000000000000000e+00,0.000000000000000000e+00
3.002357732429779880e+00,0.000000000000000000e+00,0.000000000000000000e+00
3.168361479377225898e+00,0.000000000000000000e+00,0.000000000000000000e+00
3.343543760815390176e+00,0.000000000000000000e+00,0.000000000000000000e+00
3.528412068273512503e+00,0.000000000000000000e+00,0.000000000000000000e+00
3.723501953060144753e+00,0.000000000000000000e+00,0.000000000000000000e+00
3.929378577720015198e+00,0.000000000000000000e+00,0.000000000000000000e+00
4.146638353272695809e+00,0.000000000000000000e+00,0.000000000000000000e+00
4.375910666976020380e+00,0.000000000000000000e+00,0.000000000000000000e+00
4.617859705619532740e+00,0.000000000000000000e+00,0.000000000000000000e+00
4.873186379629851572e+00,0.000000000000000000e+00,0.000000000000000000e+00
5.142630353562002377e+00,0.000000000000000000e+00,0.000000000000000000e+00
5.426972188858915302e+00,0.000000000000000000e+00,0.000000000000000000e+00
5.727035605086486569e+00,0.000000000000000000e+00,0.000000000000000000e+00
6.043689866194929650e+00,0.000000000000000000e+00,0.000000000000000000e+00
6.377852298719153268e+00,0.000000000000000000e+00,0.000000000000000000e+00
6.730490949213319141e+00,0.000000000000000000e+00,0.000000000000000000e+00
7.102627388617911208e+00,0.000000000000000000e+00,0.000000000000000000e+00
7.495339671683494132e+00,0.000000000000000000e+00,0.000000000000000000e+00
7.909765460024283712e+00,0.000000000000000000e+00,0.000000000000000000e+00
8.347105317848905415e+00,0.000000000000000000e+00,0.000000000000000000e+00
8.808626189915830906e+00,0.000000000000000000e+00,0.000000000000000000e+00
9.295665071788848266e+00,0.000000000000000000e+00,0.000000000000000000e+00
9.809632883025182437e+00,0.000000000000000000e+00,0.000000000000000000e+00
1.035201855451648356e+01,0.000000000000000000e+00,0.000000000000000000e+00
1.092439334182354038e+01,0.000000000000000000e+00,0.000000000000000000e+00
1.152841537700014030e+01,0.000000000000000000e+00,0.000000000000000000e+00
1.216583447209236724e+01,0.000000000000000000e+00,0.000000000000000000e+00
1.283849718822888697e+01,0.000000000000000000e+00,0.000000000000000000e+00
1.354835218498685556e+01,0.000000000000000000e+00,0.000000000000000000e+00
1.429745586553035785e+01,0.000000000000000000e+00,0.000000000000000000e+00
1.508797833387492382e+01,0.000000000000000000e+00,0.000000000000000000e+00
1.592220968153584160e+01,0.000000000000000000e+00,0.000000000000000000e+00
1.680256662177251670e+01,0.000000000000000000e+00,0.000000000000000000e+00
1.773159949064751473e+01,0.000000000000000000e+00,0.000000000000000000e+00
1.871199963518217757e+01,0.000000000000000000e+00,0.000000000000000000e+00
1.974660721001156105e+01,0.000000000000000000e+00,0.000000000000000000e+00
2.083841940512544610e+01,0.000000000000000000e+00,0.000000000000000000e+00
2.199059912853022070e+01,0.000000000000000000e+00,0.000000000000000000e+00
2.320648416898502830e+01,0.000000000000000000e+00,0.000000000000000000e+00
2.448959686535596703e+01,0.000000000000000000e+00,0.000000000000000000e+00
2.584365431059963569e+01,0.000000000000000000e+00,0.000000000000000000e+00
2.727257911993672934e+01,0.000000000000000000e+00,0.000000000000000000e+00
2.878051079440982463e+01,0.000000000000000000e+00,0.000000000000000000e+00
3.037181771274524777e+01,0.000000000000000000e+00,0.000000000000000000e+00
3.205110978625848617e+01,0.000000000000000000e+00,0.000000000000000000e+00
3.382325181346350718e+01,0.000000000000000000e+00,0.000000000000000000e+00
3.569337757307371817e+01,0.000000000000000000e+00,0.000000000000000000e+00
3.766690469622064086e+01,0.000000000000000000e+00,0.000000000000000000e+00
3.974955036097441763e+01,0.000000000000000000e+00,0.000000000000000000e+00
4.194734785463210613e+01,0.000000000000000000e+00,0.000000000000000000e+00
4.426666405175338781e+01,0.000000000000000000e+00,0.000000000000000000e+00
4.671421785857697273e+01,0.000000000000000000e+00,0.000000000000000000e+00
4.929709967724922137e+01,0.000000000000000000e+00,0.000000000000000000e+00
5.202279194625218395e+01,0.000000000000000000e+00,0.000000000000000000e+00
5.489919081653474109e+01,0.000000000000000000e+00,0.000000000000000000e+00
5.793462902614208332e+01,0.000000000000000000e+00,0.000000000000000000e+00
6.113790003960869512e+01,0.000000000000000000e+00,0.000000000000000000e+00
6.451828352204590544e+01,0.000000000000000000e+00,0.000000000000000000e+00
6.808557222172046863e+01,0.000000000000000000e+00,0.000000000000000000e+00
7.185010033900093163e+01,0.000000000000000000e+00,0.000000000000000000e+00
7.582277346385576777e+01,0.000000000000000000e+00,0.000000000000000000e+00
8.001510016862880548e+01,0.000000000000000000e+00,0.000000000000000000e+00
8.443922534761529164e+01,0.000000000000000000e+00,0.000000000000000000e+00
8.910796540002066024e+01,0.000000000000000000e+00,0.000000000000000000e+00
9.403484535822447299e+01,0.000000000000000000e+00,0.000000000000000000e+00
9.923413806890872024e+01,0.000000000000000000e+00,0.000000000000000000e+00
1.047209055405541136e+02,0.000000000000000000e+00,0.000000000000000000e+00
1.105110425770865419e+02,0.000000000000000000e+00,0.000000000000000000e+00
1.166213228240770121e+02,0.000000000000000000e+00,0.000000000000000000e+00
1.230694473608878070e+02,0.000000000000000000e+00,0.000000000000000000e+00
1.298740959795337631e+02,0.000000000000000000e+00,0.000000000000000000e+00
1.370549812988079736e+02,0.000000000000000000e+00,0.000000000000000000e+00
1.446329058704415900e+02,0.000000000000000000e+00,0.000000000000000000e+00
1.526298224427247305e+02,0.000000000000000000e+00,0.000000000000000000e+00
1.610688975561723453e+02,0.000000000000000000e+00,0.000000000000000000e+00
1.699745786554661322e+02,0.000000000000000000e+00,0.000000000000000000e+00
1.793726649120911816e+02,0.000000000000000000e+00,0.000000000000000000e+00
1.892903819628362783e+02,0.000000000000000000e+00,0.000000000000000000e+00
1.997564607806702952e+02,0.000000000000000000e+00,0.000000000000000000e+00
2.108012209064785338e+02,0.000000000000000000e+00,0.000000000000000000e+00
2.224566582827737591e+02,0.000000000000000000e+00,0.000000000000000000e+00
2.347565379438364630e+02,0.000000000000000000e+00,0.000000000000000000e+00
2.477364918307931418e+02,0.000000000000000000e+00,0.000000000000000000e+00
2.614341220150030836e+02,0.000000000000000000e+00,0.000000000000000000e+00
2.758891096287818527e+02,0.000000000000000000e+00,0.000000000000000000e+00
2.911433298190278833e+02,0.000000000000000000e+00,0.000000000000000000e+00
3.072409730567642896e+02,0.000000000000000000e+00,0.000000000000000000e+00
3.242286731540224309e+02,0.000000000000000000e+00,0.000000000000000000e+00
3.421556423589236147e+02,0.000000000000000000e+00,0.000000000000000000e+00
3.610738139203203900e+02,0.000000000000000000e+00,0.000000000000000000e+00
3.810379925349947712e+02,0.000000000000000000e+00,0.000000000000000000e+00
4.021060131132588253e+02,0.000000000000000000e+00,0.000000000000000000e+00
4.243389083228771597e+02,0.000000000000000000e+00,0.000000000000000000e+00
4.478010853966854370e+02,0.000000000000000000e+00,0.000000000000000000e+00
4.725605127161014138e+02,0.000000000000000000e+00,0.000000000000000000e+00
4.986889167110481935e+02,0.000000000000000000e+00,0.000000000000000000e+00
5.262619896466968612e+02,0.000000000000000000e+00,0.000000000000000000e+00
5.553596088989727377e+02,0.000000000000000000e+00,0.000000000000000000e+00
5.860660683540522768e+02,0.000000000000000000e+00,0.000000000000000000e+00
6.184703226021939599e+02,0.000000000000000000e+00,0.000000000000000000e+00
6.526662446333336902e+02,0.000000000000000000e+00,0.000000000000000000e+00
6.887528977809474782e+02,0.000000000000000000e+00,0.000000000000000000e+00
7.268348227020046579e+02,0.000000000000000000e+00,0.000000000000000000e+00
7.670223402243640294e+02,0.000000000000000000e+00,0.000000000000000000e+00
8.094318709389451669e+02,0.000000000000000000e+00,0.000000000000000000e+00
8.541862724625106011e+02,0.000000000000000000e+00,0.000000000000000000e+00
9.014151953480890143e+02,0.000000000000000000e+00,0.000000000000000000e+00
9.512554586740861851e+02,0.000000000000000000e+00,0.000000000000000000e+00
1.003851446400144368e+03,0.000000000000000000e+00,0.000000000000000000e+00
1.059355525637954315e+03,0.000000000000000000e+00,0.000000000000000000e+00
1.117928488048752342e+03,0.000000000000000000e+00,0.000000000000000000e+00
1.179740015646163101e+03,0.000000000000000000e+00,0.000000000000000000e+00
1.244969172353816703e+03,0.000000000000000000e+00,0.000000000000000000e+00
1.313804922741740938e+03,0.000000000000000000e+00,0.000000000000000000e+00
1.386446679444271240e+03,0.000000000000000000e+00,0.000000000000000000e+00
1.463104880845316984e+03,0.000000000000000000e+00,0.000000000000000000e+00
1.544001600704496923e+03,0.000000000000000000e+00,0.000000000000000000e+00
1.629371191490194860e+03,0.000000000000000000e+00,0.000000000000000000e+00
1.719460963283209367e+03,0.000000000000000000e+00,0.000000000000000000e+00
1.814531900217786870e+03,0.000000000000000000e+00,0.000000000000000000e+00
1.914859416535451601e+03,0.000000000000000000e+00,0.000000000000000000e+00
2.020734154441925966e+03,0.000000000000000000e+00,0.000000000000000000e+00
2.132462826078452053e+03,0.000000000000000000e+00,0.000000000000000000e+00
2.250369102046662647e+03,0.000000000000000000e+00,0.000000000000000000e+00
2.374794549060989993e+03,0.000000000000000000e+00,0.000000000000000000e+00
2.506099619444939890e+03,0.000000000000000000e+00,0.000000000000000000e+00
2.644664695337723970e+03,0.000000000000000000e+00,0.000000000000000000e+00
2.790891190636270039e+03,0.000000000000000000e+00,0.000000000000000000e+00
2.945202713864812267e+03,0.000000000000000000e+00,0.000000000000000000e+00
3.108046295340915094e+03,0.000000000000000000e+00,0.000000000000000000e+00
3.279893682192834149e+03,0.000000000000000000e+00,0.000000000000000000e+00
3.461242704979874816e+03,0.000000000000000000e+00,0.000000000000000000e+00
3.652618719874728868e+03,0.000000000000000000e+00,0.000000000000000000e+00
3.854576130585698593e+03,0.000000000000000000e+00,0.000000000000000000e+00
4.067699994427719048e+03,0.000000000000000000e+00,0.000000000000000000e+00
4.292607717194858196e+03,0.000000000000000000e+00,0.000000000000000000e+00
4.529950841744241188e+03,0.000000000000000000e+00,0.000000000000000000e+00
4.780416935472748264e+03,0.000000000000000000e+00,0.000000000000000000e+00
5.044731582154528951e+03,0.000000000000000000e+00,0.000000000000000000e+00
5.323660483909357026e+03,0.000000000000000000e+00,0.000000000000000000e+00
5.618011679391242978e+03,0.000000000000000000e+00,0.000000000000000000e+00
5.928637884623185528e+03,0.000000000000000000e+00,0.000000000000000000e+00
6.256438963259316552e+03,0.000000000000000000e+00,0.000000000000000000e+00
6.602364533430629308e+03,0.000000000000000000e+00,0.000000000000000000e+00
6.967416718726147337e+03,0.000000000000000000e+00,0.000000000000000000e+00
7.352653051278950443e+03,0.000000000000000000e+00,0.000000000000000000e+00
7.759189535367110693e+03,0.000000000000000000e+00,0.000000000000000000e+00
8.188203880404507800e+03,0.000000000000000000e+00,0.000000000000000000e+00
8.640938912687517586e+03,0.000000000000000000e+00,0.000000000000000000e+00
9.118706175780853300e+03,0.000000000000000000e+00,0.000000000000000000e+00
9.622889729972896021e+03,0.000000000000000000e+00,0.000000000000000000e+00
1.015495016180717357e+04,0.000000000000000000e+00,0.000000000000000000e+00
1.071642881530535669e+04,0.000000000000000000e+00,0.000000000000000000e+00
1.130895225713936270e+04,0.000000000000000000e+00,0.000000000000000000e+00
1.193423698868784777e+04,0.000000000000000000e+00,0.000000000000000000e+00
1.259409441862765743e+04,0.000000000000000000e+00,0.000000000000000000e+00
1.329043611046532897e+04,0.000000000000000000e+00,0.000000000000000000e+00
1.402527932021080233e+04,0.000000000000000000e+00,0.000000000000000000e+00
1.480075284023509630e+04,0.000000000000000000e+00,0.000000000000000000e+00
1.561910316624159168e+04,0.000000000000000000e+00,0.000000000000000000e+00
1.648270100521610220e+04,0.000000000000000000e+00,0.000000000000000000e+00
1.739404814320884543e+04,0.000000000000000000e+00,0.000000000000000000e+00
1.835578469284381208e+04,0.000000000000000000e+00,0.000000000000000000e+00
1.937069674155113898e+04,0.000000000000000000e+00,0.000000000000000000e+00
2.044172442267884617e+04,0.000000000000000000e+00,0.000000000000000000e+00
2.157197043286552071e+04,0.000000000000000000e+00,0.000000000000000000e+00
2.276470902034791288e+04,0.000000000000000000e+00,0.000000000000000000e+00
2.402339547024263447e+04,0.000000000000000000e+00,0.000000000000000000e+00
2.535167611427936936e+04,0.000000000000000000e+00,0.000000000000000000e+00
2.675339889398373271e+04,0.000000000000000000e+00,0.000000000000000000e+00
2.823262450791038646e+04,0.000000000000000000e+00,0.000000000000000000e+00
2.979363817521924648e+04,0.000000000000000000e+00,0.000000000000000000e+00
3.144096204967312224e+04,0.000000000000000000e+00,0.000000000000000000e+00
3.317936832001923904e+04,7.195889974422310819e-17,7.921742865392352971e-27
3.501389303470579034e+04,7.195889974422310819e-17,8.821964700032961714e-27
3.694985069098220265e+04,7.195889974422310819e-17,9.824487172971704376e-27
3.899284963064805197e+04,7.195889974422310819e-17,1.094093566385784407e-26
4.114880828704949818e+04,7.195889974422310819e-17,1.218425665311021736e-26
4.342397233039088314e+04,1.439177994884462164e-16,2.713773570194158825e-26
4.582493276102989330e+04,1.439177994884462164e-16,3.022165077425727864e-26
4.835864500317141210e+04,1.439177994884462164e-16,3.365601999933322842e-26
5.103244905427325284e+04,2.158766992326693246e-16,5.622100314720593359e-26
5.385409074853528000e+04,2.878355989768924328e-16,8.347989638018885808e-26
5.683174419607080199e+04,3.597944987211155163e-16,1.162081235692753568e-25
5.997403546276527049e+04,4.317533984653386491e-16,1.552967292281995504e-25
6.329006755942040036e+04,5.037122982095617820e-16,2.017686428758974873e-25
6.678944681257750199e+04,6.476300976980079490e-16,2.888967901821689963e-25
7.048231069341223338e+04,7.915478971864542147e-16,3.932216911061511945e-25
7.437935718532088504e+04,1.007424596419123564e-15,5.573363786732188961e-25
7.849187577527349640e+04,1.223301295651792913e-15,7.536728165054266525e-25
8.283178015871404205e+04,1.511136894628685247e-15,1.036806709649678510e-24
8.741164275275121327e+04,1.870931393349800764e-15,1.429540377585274559e-24
9.224473111762259214e+04,2.374643691559362644e-15,2.020605788429734293e-24
9.734504639194291667e+04,2.878355989768924130e-15,2.727546846790630705e-24
1.027273638530794706e+05,3.597944987211155163e-15,3.796879425548170915e-24
1.084072757201585337e+05,4.461451784141832560e-15,5.243159450038790851e-24
1.144012363236962265e+05,5.540835280305179109e-15,7.251647336337292143e-24
1.207266097727103188e+05,6.908054375445418386e-15,1.006843005516776469e-23
1.274017202574001712e+05,8.563109069562550392e-15,1.389895215827747993e-23
1.344459051331186784e+05,1.057795826240079634e-14,1.912040150475312852e-23
1.418795709394168516e+05,1.309651975344860574e-14,2.636304890033186220e-23
1.497242525164445979e+05,1.626271134219442102e-14,3.645669212433286059e-23
1.580026753899641335e+05,2.022045082812669249e-14,5.048004294568796084e-23
1.667388216057012614e+05,2.504169711098964056e-14,6.962051219456947256e-23
1.759579992037508928e+05,3.108624468950438313e-14,9.624679825858775620e-23
1.856869155343037564e+05,3.849801136315936103e-14,1.327397210660958824e-22
1.959537546270795574e+05,4.778070943016414561e-14,1.834677658057797026e-22
2.067882588386045245e+05,5.922217448949561225e-14,2.532422144275018946e-22
2.182218150138591591e+05,7.347003663885179206e-14,3.498699022226564565e-22
2.302875454119004717e+05,9.117192597593067830e-14,4.835061814179647740e-22
2.430204036588645540e+05,1.130474314981745067e-13,6.676458828072785957e-22
2.564572760063189489e+05,1.401759367017466184e-13,9.219418234027411745e-22
2.706370881883041002e+05,1.738527017820430250e-13,1.273374265499253818e-21
2.856009181866185390e+05,2.155888636336924218e-13,1.758512752167285213e-21
3.013921152310292237e+05,2.673992714495330940e-13,2.428980300529654664e-21
3.180564253791326191e+05,3.316585689211243061e-13,3.355054425836190372e-21
3.356421240396704525e+05,4.113170709379792879e-13,4.633718598960867297e-21
3.542001558232087409e+05,5.101166402867975643e-13,6.399808612432970641e-21
3.737842821253184811e+05,6.325906876514653596e-13,8.838221154609109724e-21
3.944512368697975180e+05,7.845678839112645436e-13,1.220723122295086213e-20
4.162608908631100203e+05,9.729562834416406806e-13,1.685871798666983135e-20
4.392764252361689578e+05,1.206678789810877242e-12,2.328452978338810791e-20
4.635645144759113318e+05,1.496529237980607940e-12,3.215922494235177005e-20
4.891955195768909762e+05,1.855963942203002370e-12,4.441549187550344922e-20
5.162436918724501738e+05,2.301749326118464486e-12,6.134335722281968431e-20
5.447873881359373918e+05,2.854681511753075066e-12,8.472503413817639304e-20
5.749092975751189515e+05,3.540305908516032760e-12,1.170144388635847032e-19
6.066966813773668837e+05,4.390644226793517375e-12,1.616112116955376965e-19
6.402416254995701602e+05,5.445273861444850843e-12,2.232068609302933858e-19
6.756413074350857642e+05,6.753198823195850493e-12,3.082775674609245617e-19
7.129982777305355994e+05,8.375224382330383744e-12,4.257683874751003408e-19
7.524207570679858327e+05,1.038690738357988397e-11,5.880412540220336706e-19
7.940229497731280280e+05,1.288179439661184428e-11,8.121616405887400084e-19
8.379253746576961130e+05,1.597588316781394779e-11,1.121697005087712658e-18
8.842552141545191407e+05,1.981323541447413628e-11,1.549211308447094762e-18
9.331466827566528227e+05,2.457216529015858474e-11,2.139652576628226499e-18
9.847414158279238036e+05,3.047423424717976559e-11,2.955134205274843818e-18
1.039188879911251599e+06,3.779396548806188160e-11,4.081421460752196276e-18
1.096646805723365629e+06,4.687179656749486379e-11,5.636962633289653225e-18
1.157281645090325736e+06,5.813005426807754227e-11,7.785362852375565166e-18
1.221269053147463594e+06,7.209245546214838863e-11,1.075257603348759095e-17
1.288794397200775566e+06,8.940850117879874581e-11,1.485067155845841866e-17
1.360053293723758543e+06,1.108837713006652068e-10,2.051066972351557931e-17
1.435252175045487937e+06,1.375172712328968005e-10,2.832785385566378360e-17
1.514608887371433666e+06,1.705478453934900873e-10,3.912435929751173324e-17
1.598353321869612206e+06,2.115121760864829650e-10,5.403572080353730414e-17
1.686728080650114454e+06,2.623158788949019318e-10,7.463022150870169673e-17
1.779989179567455314e+06,3.253222280041467478e-10,1.030738414558804222e-16
1.878406789881660137e+06,4.034622533185991048e-10,1.423581081929859856e-16
1.982266020926558413e+06,5.003708866999387866e-10,1.966146640077772636e-16
2.091867746052801842e+06,6.205562812582414372e-10,2.715498845417116671e-16
2.207529474238077179e+06,7.696093556680343857e-10,3.750449820770616096e-16
2.329586269889767282e+06,9.544638536319716234e-10,5.179848773676114865e-16
2.458391723504395224e+06,1.183719007587287507e-09,7.154030544446640021e-16
2.594318975996074267e+06,1.468039630188373877e-09,9.880627399310561461e-16
2.737761799661088735e+06,1.820651911126018575e-09,1.364640442112360992e-15
2.889135738910324406e+06,2.257959097473616339e-09,1.884742225868948754e-15
3.048879314074087422e+06,2.800304258024458079e-09,2.603069025677001702e-15
3.217455291766534094e+06,3.472916758700066310e-09,3.595169833908047328e-15
3.395352025490164757e+06,4.307085768287224767e-09,4.965387314125937088e-15
3.583084870363645256e+06,5.341616058938701457e-09,6.857832162292667293e-15
3.781197676071748137e+06,6.624632879296636447e-09,9.471539428093918170e-15
3.990264362361946609e+06,8.215820955658079751e-09,1.308140206455890404e-14
4.210890581652238965e+06,1.018920066632713053e-08,1.806708196646871993e-14
4.443715473566195928e+06,1.263657163476218420e-08,2.495294068229608796e-14
4.689413516478390433e+06,1.567178313048126973e-08,3.446318837857451189e-14
4.948696481433877721e+06,1.943603002820650727e-08,4.759805115072598496e-14
5.222315494101893157e+06,2.410442128819167476e-08,6.573896878262715176e-14
5.511063210737592541e+06,2.989412584759104901e-08,9.079388571723281305e-14
5.815776114454840310e+06,3.707447471451780302e-08,1.253979150664253485e-13
6.137336938462863676e+06,4.597949059558524959e-08,1.731904844522769597e-13
6.476677223286025226e+06,5.702342569329303978e-08,2.391981052531121554e-13
6.834780015375550836e+06,7.072003265917314708e-08,3.303630291682097540e-13
7.212682714930136688e+06,8.770646379944961746e-08,4.562733883735233965e-13
7.611480081176201813e+06,1.087729105860487241e-07,6.301716107775074981e-13
8.032327403813054785e+06,1.348993627811498101e-07,8.703471711942696402e-13
8.476443849811125547e+06,1.673011964150224735e-07,1.202060154369453667e-12
8.945115995258476585e+06,2.074857119655143738e-07,1.660197939720167057e-12
9.439701552486736327e+06,2.573222522613045759e-07,2.292944414465079268e-12
9.961633303274564445e+06,3.191291625095596194e-07,3.166847618902881819e-12
1.051242324952179193e+07,3.957816376175414636e-07,4.373818798988562635e-12
1.109366699341962673e+07,4.908454727752335813e-07,6.040798957956394310e-12
1.170704835980476439e+07,6.087429411681409217e-07,8.343109570004391059e-12
1.235434427408936620e+07,7.549585133899879824e-07,1.152289154146379948e-11
1.303742990989661403e+07,9.362939894487755712e-07,1.591457165606242999e-11
1.375828412131528370e+07,1.161184911691448876e-06,2.198003479002556087e-11
1.451899517550987191e+07,1.440092977552283718e-06,3.035720088992345587e-11
1.532176680229261145e+07,1.785992707162390026e-06,4.192711540965491648e-11
1.616892457818402909e+07,2.214975004953699735e-06,5.790660879159235277e-11
1.706292266345444322e+07,2.746995692037023556e-06,7.997626936346163876e-11
1.800635091166511551e+07,3.406803830841432216e-06,1.104571874042711187e-10
1.900194237230286002e+07,4.225093026349674162e-06,1.525550563933667518e-10
2.005258120824495703e+07,5.239929261427570118e-06,2.106972996820669007e-10
2.116131105098848417e+07,6.498521687837833446e-06,2.909986712542826020e-10
2.233134381785046309e+07,8.059418747960763851e-06,4.019042854909035061e-10
2.356606901668106019e+07,9.995231788782908466e-06,5.550776817630301289e-10
2.486906356504387408e+07,1.239601286841920176e-05,7.666272838529013625e-10
2.624410215231126547e+07,1.537344388613320632e-05,1.058800175123319558e-09
2.769516817469001189e+07,1.906603191120586913e-05,1.462321209772898582e-09
2.922646527485854551e+07,2.364555239094997594e-05,2.019623267095992197e-09
3.084242951964199916e+07,2.932503997036220946e-05,2.789308033920985689e-09
3.254774225100651011e+07,3.636869864768969688e-05,3.852305868356815550e-09
3.434734364759767056e+07,4.510419227599916610e-05,5.320381566613173863e-09
3.624644703611294180e+07,5.593788715342247090e-05,7.347878845842095700e-09
3.825055399396619201e+07,6.937375577068486006e-05,1.014793572293011689e-08
4.036547028699395061e+07,8.603682110001229725e-05,1.401487103206736573e-08
4.259732268837784976e+07,1.067022320293933076e-04,1.935508767120576026e-08
4.495257672750163823e+07,1.323313225023272429e-04,2.672972758081509515e-08
4.743805542016522586e+07,1.641163317968987519e-04,3.691353861108503154e-08
5.006095903441058099e+07,2.035358662874117274e-04,5.097609998507331883e-08
5.282888594922544807e+07,2.524236827120407553e-04,7.039387293290629934e-08
5.574985466654511541e+07,3.130539926753260396e-04,9.720473091633702668e-08
5.883232704032600671e+07,3.882472566640254126e-04,1.342209990301578844e-07
6.208523278997763991e+07,4.815013890063059646e-04,1.853230276369293263e-07
6.551799536917211115e+07,5.971544772964893551e-04,2.558635253208942943e-07
6.914055926496948302e+07,7.405865858272363310e-04,3.532240644380260496e-07
7.296341880633983016e+07,9.184700307202395102e-04,4.875803916329931392e-07
7.699764856554515660e+07,1.139079769300559110e-03,6.729537990943713990e-07
8.125493544044333696e+07,1.412678342713479451e-03,9.286536245012087819e-07
8.574761251066391170e+07,1.751993278923031890e-03,1.281253224804986083e-06
9.048869476572459936e+07,2.172809164395813741e-03,1.767291340935615370e-06
9.549191680860140920e+07,2.694701927044306639e-03,2.436956025528567365e-06
1.007717726439661980e+08,3.341949488525547581e-03,3.359093070162097764e-06
1.063435576663643569e+08,4.144661148517588857e-03,4.627989041951503390e-06
1.122234129699666649e+08,5.140178238783136948e-03,6.372513791763109901e-06
1.184283721082527339e+08,6.374811204025545783e-03,8.768369528335060169e-06
1.249764104390969574e+08,7.905993916777261793e-03,1.205437918635574774e-05
1.318864971981923878e+08,9.804955442860431233e-03,1.655394235696786890e-05
1.391786504516808987e+08,1.216003354524065883e-02,2.270296281006744217e-05
1.468739950871679485e+08,1.508078406710622148e-02,3.108565225710023733e-05
1.549948240111347437e+08,1.870307735850796141e-02,4.247954773554487223e-05
1.635646627300158739e+08,2.319541882714959771e-02,5.791070335285599844e-05
1.726083375020431876e+08,2.876678763894058993e-02,7.871913647582379561e-05
1.821520472572827637e+08,3.567635821670620683e-02,1.066329916645835843e-04
1.922234394942045808e+08,4.424555677130139614e-02,1.438473198261052766e-04
2.028516903726699948e+08,5.487301372273387101e-02,1.930997849731093700e-04
2.140675892353389263e+08,6.805310758273294680e-02,2.577312849191044529e-04
2.259036278023736477e+08,8.439896294138443666e-02,3.417152929330059537e-04
2.383940942978048921e+08,1.046709724008022674e-01,4.496373889678953462e-04
2.515751727802654207e+08,1.298121692672777328e-01,5.866083430353122513e-04
2.654850479658176899e+08,1.609920965036070462e-01,7.581026089322399995e-04
2.801640158465635180e+08,1.996612126807719989e-01,9.697300767387020091e-04
2.956546004254822731e+08,2.476183658386233999e-01,1.226970087200554040e-03
3.120016769056581855e+08,3.070944740710477849e-01,1.534916651900975360e-03
3.292526016907972097e+08,3.808563055716002177e-01,1.898093677575359755e-03
3.474573495735988617e+08,4.723351858818773397e-01,2.320391638197766542e-03
3.666686585094490647e+08,5.857866196733583219e-01,2.805152083468170736e-03
3.869421823947917819e+08,7.264882525058138363e-01,3.355391620748285342e-03
4.083366522928125262e+08,9.009853815426163148e-01,3.974125654772733655e-03
4.309140465734471679e+08,1.117395436131961128e+00,4.664735501747848713e-03
4.547397704606498480e+08,1.385785592381999054e+00,5.431324352818192591e-03
4.798828455070064664e+08,1.718641087976249260e+00,6.279023630983636764e-03
5.064161095446302295e+08,2.131446022759577286e+00,7.214232920579570149e-03
5.344164276915700436e+08,2.643403663348514510e+00,8.244795844829943057e-03
5.639649150249792337e+08,3.278329759604905469e+00,9.380126654802881103e-03
5.951471715661677122e+08,4.065760429149540833e+00,1.063130735192026506e-02
6.280535302582072020e+08,5.042326147577719020e+00,1.201117474801558643e-02
6.627793186545351744e+08,6.253455761008697600e+00,1.353441349128209868e-02
6.994251350765776634e+08,7.755489789901460540e+00,1.521766684286527359e-02
7.380971400404809713e+08,9.618301332888121280e+00,1.707967315766870803e-02
7.789073637971137762e+08,1.192854649240829801e+01,1.914143315653704658e-02
8.219740308763324022e+08,1.479369552864881499e+01,2.142641125129265273e-02
8.674219025756655931e+08,1.834703226697843803e+01,2.396077323986901125e-02
9.153826383855520487e+08,2.275385432623454207e+01,2.677366239602192721e-02
9.659951773982387781e+08,2.821916259619556300e+01,2.989751612307198214e-02
1.019406140805149078e+09,3.499719767091828970e+01,3.336842575945749012e-02
1.075770256648846865e+09,4.340326686315183480e+01,3.722654270417637135e-02
1.135250808059950352e+09,5.382841198052162213e+01,4.151653470492176756e-02
1.198020106277640104e+09,6.675760019356307851e+01,4.628809688537165179e-02
1.264259989823935986e+09,8.279228421630327261e+01,5.159652286630096035e-02
1.334162351277930260e+09,1.026783812761136687e+02,5.750334215691405015e-02
1.407929693175964832e+09,1.273409724261125007e+02,6.407703086463005515e-02
1.485775714648101568e+09,1.579273363768929812e+02,7.139380370452490243e-02
1.567925930490469694e+09,1.958603197377995855e+02,7.953849629713195812e-02
1.654618324466726542e+09,2.429045263971491124e+02,8.860554784001091477e-02
1.746104038731394529e+09,3.012484051042691817e+02,9.870009544021282610e-02
1.842648101372085333e+09,3.736060538842613710e+02,1.099391927179102363e-01
1.944530194178467274e+09,4.633434771236697429e+02,1.224531667537019641e-01
2.052045462861935854e+09,5.746351686783968944e+02,1.363871290719618490e-01
2.165505372073316097e+09,7.126583050912572617e+02,1.519026581504185347e-01
2.285238607695466518e+09,8.838335825905479624e+02,1.691796729436515212e-01
2.411592029024569511e+09,1.096123901362240531e+03,1.884185191294208139e-01
2.544931673598733902e+09,1.359404791585306839e+03,2.098422922580989725e-01
2.685643817584553719e+09,1.685923813072979101e+03,2.336994247358756271e-01
2.834136094793800831e+09,2.090870299325570159e+03,2.602665666343612072e-01
2.990838677571633816e+09,2.593081949909252216e+03,2.898517937281173129e-01
3.156205522977641106e+09,3.215921141122047175e+03,3.227981799576157829e-01
3.330715687869437695e+09,3.988361720028744912e+03,3.594877757418471487e-01
3.514874716698927402e+09,4.946336838421631001e+03,4.003460382719032928e-01
3.709216106041186333e+09,6.134410526573446987e+03,4.458467651584231417e-01
3.914302850098930836e+09,7.607850766698387815e+03,4.965175886432426355e-01
4.130729071659688950e+09,9.435200503394482439e+03,5.529460940861433693e-01
4.359121743230264664e+09,1.170146619186218231e+04,6.157866336769168836e-01
4.600142503334921837e+09,1.451207221192967700e+04,6.857679143851809211e-01
4.854489573238464355e+09,1.799776510320738089e+04,7.637014481383941344e-01
5.122899779647389412e+09,2.232069576141964717e+04,8.504909622173918438e-01
5.406150689248166084e+09,2.768196253350710685e+04,9.471428789932940795e-01
5.705062861266868591e+09,3.433096610863740352e+04,1.054777986530258449e+00
6.020502224575047493e+09,4.257701138514936611e+04,1.174644435387609320e+00
6.353382586228689194e+09,5.280369602051545371e+04,1.308132212334063960e+00
6.704668278707143784e+09,6.548675500506278331e+04,1.456789258813012689e+00
7.075376953520609856e+09,8.121619137090066215e+04,1.622339421070500887e+00
7.466582529279733658e+09,1.007237225341967423e+05,1.806702440098161278e+00
7.879418302766860008e+09,1.249168190467582317e+05,2.012016213196684333e+00
8.315080232022388458e+09,1.549209192051356949e+05,2.240661585308163062e+00
8.774830400956182480e+09,1.921317832979723753e+05,2.495289957600348885e+00
9.260000675521783829e+09,2.382804229581144755e+05,2.778854033456007677e+00
9.771996562044105530e+09,2.955136260669744806e+05,3.094642058401285478e+00
1.031230127887875366e+10,3.664938231480349205e+05,3.446315951024143232e+00
1.088248005319804001e+10,4.545229409327601315e+05,3.837953767053779774e+00
1.148418465535069656e+10,5.636960046410262585e+05,4.274096989019619208e+00
1.211915818393210602e+10,6.990916343984220875e+05,4.759803189867569451e+00
1.278924011542574883e+10,8.670082974902099231e+05,5.300704681226695136e+00
1.349637163304577827e+10,1.075257306667293888e+06,5.903073826420181192e+00
1.424260125021652031e+10,1.333526194487706525e+06,6.573895775597547342e+00
1.503009074498133659e+10,1.653829367499599233e+06,7.320949466435313191e+00
1.586112142253083038e+10,2.051067004240491660e+06,8.152897829699334409e+00
1.673810072399385262e+10,2.543718196420899127e+06,9.079388245705246163e+00
1.766356920063607788e+10,3.154700577516685706e+06,1.011116441658273146e+01
1.864020787366918945e+10,3.912436427819307428e+06,1.126019095162792993e+01
1.967084600099328232e+10,4.852174850069993176e+06,1.253979211045363584e+01
2.075846927337001801e+10,6.017631521945004351e+06,1.396480631281828622e+01
2.190622846377272797e+10,7.463022305015324615e+06,1.555175820685238897e+01
2.311744855496747589e+10,9.255585311603315175e+06,1.731905029100454030e+01
2.439563837176981354e+10,1.147870875352993235e+07,1.928717631178338010e+01
2.574450074587848282e+10,1.423581007709820569e+07,2.147895891187924633e+01
2.716794324273519516e+10,1.765514683773871139e+07,2.391981428446714375e+01
2.867008948148463058e+10,2.189578311132238805e+07,2.663804690265512676e+01
3.025529108082670593e+10,2.715498899353638291e+07,2.966517774179681055e+01
3.192814026537018967e+10,3.367741740453142673e+07,3.303630980078074941e+01
3.369348316900391769e+10,4.176648509446939826e+07,3.679053516092254483e+01
3.555643387382846069e+10,5.179848728281171620e+07,4.097138830277405219e+01
3.752238922531398773e+10,6.424010253002709150e+07,4.562735093756167259e+01
3.959704446660722351e+10,7.967010215060572326e+07,5.081241420735334202e+01
4.178640973727447510e+10,9.880627406721489131e+07,5.658670477328914927e+01
4.409682748428131104e+10,1.225388135763992816e+08,6.301718205208731405e+01
4.653499083564242554e+10,1.519717343303193152e+08,7.017841468605669775e+01
4.910796298997311401e+10,1.884742259314067960e+08,7.815344525067366988e+01
5.182319767811095428e+10,2.337443472431080639e+08,8.703475322697886440e+01
5.468856075608164978e+10,2.898880183648567796e+08,9.692532740553994586e+01
5.771235299196742249e+10,3.595169858978596926e+08,1.079398601577298535e+02
6.090333411268360901e+10,4.458703187463266850e+08,1.202060774232235190e+02
6.427074818033230591e+10,5.529650863156553507e+08,1.338662198364428377e+02
6.782435037163941193e+10,6.857832285042504072e+08,1.490786921672564347e+02
7.157443523806100464e+10,8.505033104915684462e+08,1.660199002030906570e+02
7.553186652841893005e+10,1.054787943319663644e+09,1.848862963731409081e+02
7.970810866046621704e+10,1.308140240782211304e+09,2.058966578360327446e+02
8.411525993255111694e+10,1.622345894633688927e+09,2.292946234479212535e+02
8.876608757158816528e+10,2.012021433008525610e+09,2.553515190300190056e+02
9.367406471887626648e+10,2.495294166476010799e+09,2.843695036977600239e+02
9.885340946089854431e+10,3.094645452130588531e+09,3.166850737367829538e+02
1.043191260181853790e+11,3.837956503508205891e+09,3.526729646571940862e+02
1.100870482115496521e+11,4.759805396343384743e+09,3.927504966747611661e+02
1.161738853316259613e+11,5.903075605560085297e+09,4.373824140098788575e+02
1.225972705445818634e+11,7.320950901002907753e+09,4.870862741213539380e+02
1.293758119742398071e+11,9.079389402434926987e+09,5.424384493693280547e+02
1.365291466085878143e+11,1.126019188432968140e+10,6.040808107033774377e+02
1.440779971868363342e+11,1.396480706488022804e+10,6.727281708806389133e+02
1.520442322318330078e+11,1.731905089741205215e+10,7.491765735265969397e+02
1.604509294017282410e+11,2.147895940084132004e+10,8.343125241593961618e+02
1.693224423444353333e+11,2.663804729691827774e+10,9.291232702219946304e+02
1.786844712485392761e+11,3.303631011868524170e+10,1.034708249330546096e+03
1.885641372950552979e+11,4.097138855910902405e+10,1.152291838494585818e+03
1.989900612256988831e+11,5.081241441404342651e+10,1.283237552150388638e+03
2.099924462552910767e+11,6.301718221874662781e+10,1.429063853649915472e+03
2.216031655684848633e+11,7.815344538505607605e+10,1.591461763557350423e+03
2.338558546542755432e+11,9.692532751389550781e+10,1.772314468941164705e+03
2.467860087458036194e+11,1.202060775105944366e+11,1.973719161053877542e+03
2.604310856476995239e+11,1.490786922377051392e+11,2.198011354631683844e+03
2.748306142488840942e+11,1.848862964299455261e+11,2.447791970824100190e+03
2.900263090351472778e+11,2.292946234937223206e+11,2.725957497810291443e+03
3.060621909332746582e+11,2.843695037346922607e+11,3.035733578849011792e+03
3.229847148367627563e+11,3.526729646869707031e+11,3.380712417252886553e+03
3.408429041825954590e+11,4.373824140338906860e+11,3.764894432040642641e+03
3.596884929689026489e+11,5.424384493886938477e+11,4.192734647310838227e+03
3.795760756249481201e+11,6.727281708962502441e+11,4.669194353274852801e+03
4.005632651675998535e+11,8.343125241719914551e+11,5.199798638016972291e+03
4.227108601024337158e+11,1.034708249340695801e+12,5.790700457126772562e+03
4.460830205530119629e+11,1.283237552158572266e+12,6.448751984164538044e+03
4.707474541285209961e+11,1.591461763563936768e+12,7.181584069347554760e+03
4.967756120682693481e+11,1.973719161059198486e+12,7.997694727871951727e+03
5.242428962312059326e+11,2.447791970828369629e+12,8.906547683990396763e+03
5.532288775301544189e+11,3.035733578852469727e+12,9.918682113577284326e+03
5.838175264434914551e+11,3.764894432043462402e+12,1.104583485776839007e+04
6.160974562720966797e+11,4.669194353277100586e+12,1.230107652488171880e+04
6.501621798462561035e+11,5.790700457128632812e+12,1.369896305887445124e+04
6.861103804261534424e+11,7.181584069349017578e+12,1.525570453194212132e+04
7.240461975807952881e+11,8.906547683991644531e+12,1.698935311860334332e+04
7.640795288734603271e+11,1.104583485776925195e+13,1.892001243103844172e+04
8.063263482277235107e+11,1.369896305887521289e+13,2.107007064316519973e+04
8.509090418962489014e+11,1.698935311860381836e+13,2.346446010678448874e+04
8.979567630057270508e+11,2.107007064316569531e+13,2.613094647034248555e+04
9.476058057049517822e+11,2.613094647034311328e+13,2.910045065296313987e+04
1.000000000000000000e+12,3.240740740740739844e+13,3.240740740740707770e+04
