eta,ns
2.000000000000000042e-02,9.799999999999999822e-01
2.020100502512562832e-02,9.797989949748743266e-01
2.040201005025125622e-02,9.795979899497487819e-01
2.060301507537688412e-02,9.793969849246231263e-01
2.080402010050251202e-02,9.791959798994974706e-01
2.100502512562813992e-02,9.789949748743718150e-01
2.120603015075376782e-02,9.787939698492462703e-01
2.140703517587939572e-02,9.785929648241206147e-01
2.160804020100502709e-02,9.783919597989949590e-01
2.180904522613065499e-02,9.781909547738693034e-01
2.201005025125628289e-02,9.779899497487437587e-01
2.221105527638191079e-02,9.777889447236181031e-01
2.241206030150753870e-02,9.775879396984924474e-01
2.261306532663316660e-02,9.773869346733667918e-01
2.281407035175879450e-02,9.771859296482412471e-01
2.301507537688442240e-02,9.769849246231155915e-01
2.321608040201005030e-02,9.767839195979899358e-01
2.341708542713567820e-02,9.765829145728642802e-01
2.361809045226130610e-02,9.763819095477387355e-01
2.381909547738693400e-02,9.761809045226130799e-01
2.402010050251256190e-02,9.759798994974874242e-01
2.422110552763818980e-02,9.757788944723617686e-01
2.442211055276381770e-02,9.755778894472362239e-01
2.462311557788944560e-02,9.753768844221105683e-01
2.482412060301507351e-02,9.751758793969849126e-01
2.502512562814070141e-02,9.749748743718592570e-01
2.522613065326632931e-02,9.747738693467337123e-01
2.542713567839196068e-02,9.745728643216080567e-01
2.562814070351758858e-02,9.743718592964824010e-01
2.582914572864321648e-02,9.741708542713567454e-01
2.603015075376884438e-02,9.739698492462312007e-01
2.623115577889447228e-02,9.737688442211055451e-01
2.643216080402010018e-02,9.735678391959798894e-01
2.663316582914572808e-02,9.733668341708542338e-01
2.683417085427135598e-02,9.731658291457286891e-01
2.703517587939698388e-02,9.729648241206030335e-01
2.723618090452261178e-02,9.727638190954773778e-01
2.743718592964823969e-02,9.725628140703517222e-01
2.763819095477387106e-02,9.723618090452261775e-01
2.783919597989949896e-02,9.721608040201005219e-01
2.804020100502512686e-02,9.719597989949748662e-01
2.824120603015075476e-02,9.717587939698492105e-01
2.844221105527638266e-02,9.715577889447236659e-01
2.864321608040201056e-02,9.713567839195980103e-01
2.884422110552763846e-02,9.711557788944723546e-01
2.904522613065326636e-02,9.709547738693466989e-01
2.924623115577889426e-02,9.707537688442211543e-01
2.944723618090452216e-02,9.705527638190954987e-01
2.964824120603015006e-02,9.703517587939698430e-01
2.984924623115577796e-02,9.701507537688441873e-01
3.005025125628140586e-02,9.699497487437186427e-01
3.025125628140703377e-02,9.697487437185929871e-01
3.045226130653266167e-02,9.695477386934673314e-01
3.065326633165828957e-02,9.693467336683416757e-01
3.085427135678391747e-02,9.691457286432161311e-01
3.105527638190954537e-02,9.689447236180904754e-01
3.125628140703517327e-02,9.687437185929648198e-01
3.145728643216080117e-02,9.685427135678391641e-01
3.165829145728642907e-02,9.683417085427136195e-01
3.185929648241205697e-02,9.681407035175879638e-01
3.206030150753769181e-02,9.679396984924623082e-01
3.226130653266331971e-02,9.677386934673366525e-01
3.246231155778894761e-02,9.675376884422111079e-01
3.266331658291457551e-02,9.673366834170854522e-01
3.286432160804020342e-02,9.671356783919597966e-01
3.306532663316583132e-02,9.669346733668341409e-01
3.326633165829145922e-02,9.667336683417084853e-01
3.346733668341708712e-02,9.665326633165829406e-01
3.366834170854271502e-02,9.663316582914572850e-01
3.386934673366834292e-02,9.661306532663316293e-01
3.407035175879397082e-02,9.659296482412060847e-01
3.427135678391959872e-02,9.657286432160804290e-01
3.447236180904522662e-02,9.655276381909547734e-01
3.467336683417085452e-02,9.653266331658291177e-01
3.487437185929648242e-02,9.651256281407034621e-01
3.507537688442211032e-02,9.649246231155779174e-01
3.527638190954773822e-02,9.647236180904522618e-01
3.547738693467336613e-02,9.645226130653266061e-01
3.567839195979899403e-02,9.643216080402010615e-01
3.587939698492462193e-02,9.641206030150754058e-01
3.608040201005024983e-02,9.639195979899497502e-01
3.628140703517587773e-02,9.637185929648240945e-01
3.648241206030150563e-02,9.635175879396984389e-01
3.668341708542713353e-02,9.633165829145728942e-01
3.688442211055276143e-02,9.631155778894472386e-01
3.708542713567838933e-02,9.629145728643215829e-01
3.728643216080401723e-02,9.627135678391960383e-01
3.748743718592964513e-02,9.625125628140703826e-01
3.768844221105527303e-02,9.623115577889447270e-01
3.788944723618090094e-02,9.621105527638190713e-01
3.809045226130652884e-02,9.619095477386934157e-01
3.829145728643215674e-02,9.617085427135678710e-01
3.849246231155778464e-02,9.615075376884422154e-01
3.869346733668341254e-02,9.613065326633165597e-01
3.889447236180904044e-02,9.611055276381910151e-01
3.909547738693466834e-02,9.609045226130653594e-01
3.929648241206029624e-02,9.607035175879397038e-01
3.949748743718592414e-02,9.605025125628140481e-01
3.969849246231155204e-02,9.603015075376883924e-01
3.989949748743717994e-02,9.601005025125628478e-01
4.010050251256280784e-02,9.598994974874371922e-01
4.030150753768843574e-02,9.596984924623115365e-01
4.050251256281406365e-02,9.594974874371859919e-01
4.070351758793969155e-02,9.592964824120603362e-01
4.090452261306531945e-02,9.590954773869346806e-01
4.110552763819095429e-02,9.588944723618090249e-01
4.130653266331658219e-02,9.586934673366833692e-01
4.150753768844221009e-02,9.584924623115578246e-01
4.170854271356783799e-02,9.582914572864321689e-01
4.190954773869346589e-02,9.580904522613065133e-01
4.211055276381909379e-02,9.578894472361808576e-01
4.231155778894472169e-02,9.576884422110553130e-01
4.251256281407034959e-02,9.574874371859296573e-01
4.271356783919597749e-02,9.572864321608040017e-01
4.291457286432160539e-02,9.570854271356783460e-01
4.311557788944723330e-02,9.568844221105528014e-01
4.331658291457286120e-02,9.566834170854271457e-01
4.351758793969848910e-02,9.564824120603014901e-01
4.371859296482411700e-02,9.562814070351758344e-01
4.391959798994974490e-02,9.560804020100502898e-01
4.412060301507537974e-02,9.558793969849246341e-01
4.432160804020100764e-02,9.556783919597989785e-01
4.452261306532663554e-02,9.554773869346733228e-01
4.472361809045226344e-02,9.552763819095477782e-01
4.492462311557789134e-02,9.550753768844221225e-01
4.512562814070351924e-02,9.548743718592964669e-01
4.532663316582914714e-02,9.546733668341708112e-01
4.552763819095477504e-02,9.544723618090452666e-01
4.572864321608040294e-02,9.542713567839196109e-01
4.592964824120603085e-02,9.540703517587939553e-01
4.613065326633165875e-02,9.538693467336682996e-01
4.633165829145728665e-02,9.536683417085427550e-01
4.653266331658291455e-02,9.534673366834170993e-01
4.673366834170854245e-02,9.532663316582914437e-01
4.693467336683417035e-02,9.530653266331657880e-01
4.713567839195979825e-02,9.528643216080402434e-01
4.733668341708542615e-02,9.526633165829145877e-01
4.753768844221105405e-02,9.524623115577889321e-01
4.773869346733668195e-02,9.522613065326632764e-01
4.793969849246230985e-02,9.520603015075377318e-01
4.814070351758793775e-02,9.518592964824120761e-01
4.834170854271356566e-02,9.516582914572864205e-01
4.854271356783919356e-02,9.514572864321607648e-01
4.874371859296482146e-02,9.512562814070352202e-01
4.894472361809044936e-02,9.510552763819095645e-01
4.914572864321607726e-02,9.508542713567839089e-01
4.934673366834170516e-02,9.506532663316582532e-01
4.954773869346733306e-02,9.504522613065327086e-01
4.974874371859296096e-02,9.502512562814070529e-01
4.994974874371858886e-02,9.500502512562813973e-01
5.015075376884421676e-02,9.498492462311557416e-01
5.035175879396984466e-02,9.496482412060301970e-01
5.055276381909547256e-02,9.494472361809045413e-01
5.075376884422110046e-02,9.492462311557788857e-01
5.095477386934672837e-02,9.490452261306532300e-01
5.115577889447235627e-02,9.488442211055276854e-01
5.135678391959798417e-02,9.486432160804020297e-01
5.155778894472361207e-02,9.484422110552763741e-01
5.175879396984923997e-02,9.482412060301507184e-01
5.195979899497486787e-02,9.480402010050251738e-01
5.216080402010049577e-02,9.478391959798995181e-01
5.236180904522612367e-02,9.476381909547738625e-01
5.256281407035175157e-02,9.474371859296482068e-01
5.276381909547737947e-02,9.472361809045226622e-01
5.296482412060300737e-02,9.470351758793970065e-01
5.316582914572863527e-02,9.468341708542713508e-01
5.336683417085426318e-02,9.466331658291456952e-01
5.356783919597989108e-02,9.464321608040201506e-01
5.376884422110551898e-02,9.462311557788944949e-01
5.396984924623114688e-02,9.460301507537688392e-01
5.417085427135677478e-02,9.458291457286431836e-01
5.437185929648240268e-02,9.456281407035176390e-01
5.457286432160803058e-02,9.454271356783919833e-01
5.477386934673365848e-02,9.452261306532663276e-01
5.497487437185928638e-02,9.450251256281406720e-01
5.517587939698491428e-02,9.448241206030151274e-01
5.537688442211055606e-02,9.446231155778894717e-01
5.557788944723618396e-02,9.444221105527638160e-01
5.577889447236181186e-02,9.442211055276381604e-01
5.597989949748743976e-02,9.440201005025126157e-01
5.618090452261306766e-02,9.438190954773869601e-01
5.638190954773869557e-02,9.436180904522613044e-01
5.658291457286432347e-02,9.434170854271356488e-01
5.678391959798995137e-02,9.432160804020099931e-01
5.698492462311557927e-02,9.430150753768844485e-01
5.718592964824120717e-02,9.428140703517587928e-01
5.738693467336683507e-02,9.426130653266331372e-01
5.758793969849246297e-02,9.424120603015075925e-01
5.778894472361809087e-02,9.422110552763819369e-01
5.798994974874371877e-02,9.420100502512562812e-01
5.819095477386934667e-02,9.418090452261306256e-01
5.839195979899497457e-02,9.416080402010049699e-01
5.859296482412060247e-02,9.414070351758794253e-01
5.879396984924623037e-02,9.412060301507537696e-01
5.899497487437185828e-02,9.410050251256281140e-01
5.919597989949748618e-02,9.408040201005025693e-01
5.939698492462311408e-02,9.406030150753769137e-01
5.959798994974874198e-02,9.404020100502512580e-01
5.979899497487436988e-02,9.402010050251256024e-01
5.999999999999999778e-02,9.399999999999999467e-01
